,process_time,r2_score,estimator,exp_var_score,mae,mse
0,51.499475955963135,0.004232024520135594,HR,0.08085742771181192,42.90096031224371,6608.540783674994
