,exp_var_score,r2_score,mse,process_time,estimator,mae
0,0.12327695070960676,0.0989838456901513,5812.762794364674,28.4301438331604,SGDR,47.28720474597468
