,process_time,r2_score,estimator,exp_var_score,mae,mse
0,1349.2120776176453,-0.050972682519123756,SVR,0.08010627371229173,42.30566261303493,6991.885057396051
