,process_time,r2_score,estimator,exp_var_score,mae,mse
0,97.42375326156616,0.10161378425835561,GBR,0.13004789269434547,47.028981783443975,5767.589667534072
