,r2_score,exp_var_score,mse,estimator,mae,process_time
0,0.09816055400539199,0.09070342445057988,6027.309463709593,KNNR,47.96691795772819,346.3862805366516
