,r2_score,exp_var_score,mse,estimator,mae,process_time
0,0.09957347213364022,0.10642510913426029,5925.037014565684,RFR,47.71890028516594,65.45688056945801
