,process_time,r2_score,estimator,exp_var_score,mae,mse
0,164.4109091758728,0.09999351021501872,TSR,0.11157159918372406,46.00822820598167,5925.038417802649
