,exp_var_score,r2_score,mse,process_time,estimator,mae
0,0.08679662894192519,-0.04537038685881536,6917.144332295797,1204.2866432666779,SVR,41.93297994261243
