,r2_score,mae,estimator,mse,process_time,exp_var_score
0,0.10899709126394062,47.33174930281798,LCV,5748.662486956978,227.60594081878662,0.13268724927964137
