,r2_score,exp_var_score,mse,estimator,mae,process_time
0,-0.04695465913906902,0.0835072130770883,6959.820540199339,SVR,42.26663598280692,1086.2851707935333
