,r2_score,mae,estimator,mse,process_time,exp_var_score
0,0.10907447977772569,47.27177018222972,ENCV,5726.687617601553,1005.70143866539,0.13599827390539165
