,process_time,r2_score,estimator,exp_var_score,mae,mse
0,37.62879037857056,0.0973662535283599,SGDR,0.1105923738304867,47.51277421656357,5897.312403837597
