,r2_score,exp_var_score,mse,estimator,mae,process_time
0,0.10127957875949144,0.13005918315783016,5768.000030131163,GBR,47.16902758073767,70.74824810028076
