,exp_var_score,r2_score,mse,process_time,estimator,mae
0,0.11983174754667736,0.09506105431246746,5886.02520440935,114.29030752182007,TSR,45.35059196639184
