,r2_score,mae,estimator,mse,process_time,exp_var_score
0,0.10660713740201033,47.480484884748954,RCV,5783.728360356725,27.8038489818573,0.1274006650324805
