,r2_score,exp_var_score,mse,estimator,mae,process_time
0,0.08753077538527218,0.11177005452223476,5890.3892328842385,PAR,47.51085851146138,19.338672637939453
