,process_time,r2_score,estimator,exp_var_score,mae,mse
0,809.7364704608917,0.09832582295368096,KNNR,0.11942633287651905,47.59066019348501,5836.916920054925
