,process_time,r2_score,estimator,exp_var_score,mae,mse
0,87.93640923500061,0.10256916559183166,RFR,0.12204058891902769,47.814858746233135,5824.484126229721
