,process_time,r2_score,estimator,exp_var_score,mae,mse
0,54.50672245025635,0.11147140693658782,ETR,0.12820200748795751,47.07990515069168,5778.617452727492
