,exp_var_score,r2_score,mse,process_time,estimator,mae
0,0.12482649353896391,0.10655298616540518,5800.734258609314,22.741028547286987,LCV,47.539579794336454
