,process_time,r2_score,estimator,exp_var_score,mae,mse
0,53.53429055213928,0.1043656904900531,LCV,0.11368941420708045,47.89764635808008,5874.502216324533
