,r2_score,exp_var_score,mse,estimator,mae,process_time
0,0.10079653736293324,0.11127751709407108,5890.608659620037,LCV,47.91010689823148,38.75243520736694
