,r2_score,exp_var_score,mse,estimator,mae,process_time
0,0.09567893788585213,0.1085337101689563,5912.280485408372,SGDR,47.521507043690654,32.0473108291626
