,r2_score,exp_var_score,mse,estimator,mae,process_time
0,0.08776557349998663,0.10614732355189394,5983.574543011289,TSR,45.751111884092744,113.26952266693115
