,exp_var_score,r2_score,mse,process_time,estimator,mae
0,0.11483279873999985,0.0805415679331758,5868.424844075155,17.65828537940979,PAR,47.65358347810415
