,r2_score,exp_var_score,mse,estimator,mae,process_time
0,0.0991470837468982,0.11749448428907971,5849.321604151747,ETR,47.17719895014339,35.82297706604004
