,process_time,r2_score,estimator,exp_var_score,mae,mse
0,23.68626070022583,0.0867121550994168,PAR,0.11515820789873055,47.451378865527715,5866.943205029855
