,r2_score,exp_var_score,mse,estimator,mae,process_time
0,-0.00023993541180136638,0.07813588170902852,6636.731097183242,HR,43.036836499525975,25.112780570983887
