,exp_var_score,r2_score,mse,process_time,estimator,mae
0,0.1708381321300365,0.11957593447515959,5497.719278848155,94.56301832199097,GBR,46.295356985923036
