,exp_var_score,r2_score,mse,process_time,estimator,mae
0,0.16396402102864294,0.12160816135475011,5546.098884784483,124.97031569480896,RFR,46.81835475426553
