,exp_var_score,r2_score,mse,process_time,estimator,mae
0,0.08450864911452927,0.0055903333754287726,6586.34729711972,13.94887399673462,HR,42.75803374619805
