,process_time,mse,estimator,r2_score,mae,exp_var_score
0,1678.1657972335815,5834.3292709113175,KNNR,0.10514339415172322,46.710121344046996,0.11997723621237466
