,process_time,mse,estimator,r2_score,mae,exp_var_score
0,907.7574777603149,5929.163182147652,PAR,0.07731135702304948,47.74849346574288,0.10600260289535746
