,process_time,mse,estimator,r2_score,mae,exp_var_score
0,5679.13227558136,6971.580936826768,SVR,-0.04801177274704011,42.32522003270617,0.07759966882489144
