,mse,mae,r2_score,exp_var_score,process_time,estimator
0,5909.758933727621,48.250336387620955,0.0855764202134602,0.108373571787162,1318.979326248169,ENCV
