,mse,mae,r2_score,exp_var_score,process_time,estimator
0,5928.866180218606,47.78254454571907,0.08345275510337927,0.10589318790306723,2692.581589460373,SGDR
