,process_time,mse,estimator,r2_score,mae,exp_var_score
0,250.71458053588867,5906.145633845514,LCV,0.08547736192932212,48.20430617055003,0.10891870917934221
