,process_time,mse,estimator,r2_score,mae,exp_var_score
0,351.3077139854431,5716.54243392255,ETR,0.11383188607003024,46.898894056671395,0.1375209271886656
