,process_time,mse,estimator,r2_score,mae,exp_var_score
0,1170.6580028533936,5896.371123090661,GBR,0.11597734864535036,47.971345254720646,0.11038806312472216
