,process_time,mse,estimator,r2_score,mae,exp_var_score
0,330.17338490486145,6720.401045485741,HR,-0.015546623913489275,43.20709894240888,0.06845926442760042
