,mse,mae,r2_score,exp_var_score,process_time,estimator
0,6144.502400274692,45.42679594967204,0.060707297037281935,0.08920370450422843,466.35706210136414,TSR
