,process_time,mse,estimator,r2_score,mae,exp_var_score
0,801.5405874252319,5858.456137193298,RFR,0.10585061469175931,47.92171271592829,0.11657269185329888
