,mse,mae,r2_score,exp_var_score,process_time,estimator
0,5904.905775793447,48.189309825835615,0.08537256030568942,0.10910578953495886,106.88832187652588,RCV
